time,avg_T,avg_TKE,max_vel_z,min_vel_z,outlet_avg_T,power_density_avg
0.0001,898,0.0047068326086511,6.0140097481158,-1.2494174789899,898,0
